Ramon,Sole Lorente,45048121E
Jonatan,Gamez Rios,20249410A
David,Arce Galan,40711917P
Eulalia,Moyano Marcos,93423863W
Nerea,Calderon Serna,59133041H
Maria Aranzazu,Bonilla Barreiro,59317075Y
Caridad,Carrion Figueroa,69085737Q
Maria Cruz,Rivas Canovas,98203860R
Bartolome,Carrera Recio,61187444S
Carles,Singh Salgado,12834742Y
Felisa,Arias Jorge,27329028Z
Meritxell,Duarte Arias,36721401S
Carles,Sastre Tirado,62971564W
Lidia,Corrales Sevilla,22696325V
Belen,Carretero Marco,21026226V
Diego,Barrio Rubio,45244902S
Florentino,Arce Galan,93067200T
Juan Jose,Del Pozo Calvo,12948021X
Jan,Blanco Ramirez,34017033X
Carlos Javier,Pazos Araujo,38351059P